Date,0
2018-01-03,0.028889012632542954
2018-01-04,0.032158066622241854
2018-01-05,0.04162518524788483
2018-01-08,0.07152788275952182
2018-01-09,0.06916390894539637
2018-01-10,0.07233076857222343
2018-01-11,0.07657838935097327
2018-01-12,0.07863779489367873
2018-01-16,0.07059643809855709
2018-01-17,0.09272111849491127
2018-01-18,0.09007690037486493
2018-01-19,0.10614999808428482
2018-01-22,0.12092971288603249
2018-01-23,0.13427456796856152
2018-01-24,0.12189185503261735
2018-01-25,0.11848307538487624
2018-01-26,0.14382354683990384
2018-01-29,0.15568782269006198
2018-01-30,0.13960538908316122
2018-01-31,0.1611028560492309
2018-02-01,0.14316317365508135
2018-02-02,0.11422984536630865
2018-02-05,0.049144872801573536
2018-02-06,0.08874667812226567
2018-02-07,0.09767326654107444
2018-02-08,0.03376767333467656
2018-02-09,0.07327600041578353
2018-02-12,0.0730800085335177
2018-02-13,0.0918379927456432
2018-02-14,0.11490986203627007
2018-02-15,0.14232413244623254
2018-02-16,0.1353599580927929
2018-02-20,0.14849205066915694
2018-02-21,0.12682672399917672
2018-02-22,0.13961516235884153
2018-02-23,0.16115427042422903
2018-02-26,0.17201111486950404
2018-02-27,0.16143332800698307
2018-02-28,0.14502518652279273
2018-03-01,0.11096228714249246
2018-03-02,0.12444908559172374
2018-03-05,0.12334703546167991
2018-03-06,0.1322322456214624
2018-03-07,0.1366740137338398
2018-03-08,0.13496357876691212
2018-03-09,0.15016810697330119
2018-03-12,0.17553213449735128
2018-03-13,0.1594766042981559
2018-03-14,0.1474876135294898
2018-03-15,0.14913573443557904
2018-03-16,0.14952768611517042
2018-03-19,0.1168309823287137
2018-03-20,0.13324894399595033
2018-03-21,0.13350048520000346
2018-03-22,0.1033030237575836
2018-03-23,0.0686677826741453
2018-03-26,0.11981432712955886
2018-03-27,0.04316864352556471
2018-03-28,0.015419202183877712
2018-03-29,0.050905624426272444
2018-04-02,0.0070635583233291666
2018-04-03,0.03410132658226939
2018-04-04,0.06272363665170988
2018-04-05,0.0687822152412183
2018-04-06,0.04010747147550253
2018-04-09,0.03689217634287689
2018-04-10,0.08420706588231841
2018-04-11,0.0738368198952204
2018-04-12,0.09235870431209015
2018-04-13,0.08949810616276133
2018-04-16,0.08571600032876558
2018-04-17,0.10233398473016031
2018-04-18,0.1061517693181262
2018-04-19,0.0949323104691342
2018-04-20,0.08149181434094888
2018-04-23,0.0663427295282879
2018-04-24,0.05292807407925393
2018-04-25,0.03803395406178445
2018-04-26,0.06740667616279872
2018-04-27,0.08241879058918311
2018-04-30,0.07159300879594177
2018-05-01,0.08696079643040466
2018-05-02,0.0816822764056846
2018-05-03,0.08421936485612624
2018-05-04,0.10990224145848226
2018-05-07,0.14160257943167398
2018-05-08,0.14309191428137824
2018-05-09,0.1626896942677245
2018-05-10,0.1737707079207691
2018-05-11,0.157949816691469
2018-05-14,0.1526882497806632
2018-05-15,0.1228235760551597
2018-05-16,0.12687511891128778
2018-05-17,0.12515737640411517
2018-05-18,0.11500193310349371
2018-05-21,0.12309969212061289
2018-05-22,0.1108136637340913
2018-05-23,0.1290629912132384
2018-05-24,0.1270052312375749
2018-05-25,0.13143598217226704
2018-05-29,0.13337558979557285
2018-05-30,0.1531024559273988
2018-05-31,0.14459626978174578
2018-06-01,0.16946350373731778
2018-06-04,0.19213624828544695
2018-06-05,0.18930727269043812
2018-06-06,0.21748414504231595
2018-06-07,0.20397843345041045
2018-06-08,0.20663160356219978
2018-06-11,0.2137901927252963
2018-06-12,0.22801385567835308
2018-06-13,0.22749467684465707
2018-06-14,0.2498625582259495
2018-06-15,0.24176883352397827
2018-06-18,0.25431594082354403
2018-06-19,0.229132783286915
2018-06-20,0.24532373351716696
2018-06-21,0.2196016278465811
2018-06-22,0.19233482765252363
2018-06-25,0.15886227766021754
2018-06-26,0.17507095255139826
2018-06-27,0.15772800390835306
2018-06-28,0.1774252632842095
2018-06-29,0.1630834352744508
2018-07-02,0.17391543721691383
2018-07-03,0.13868865824653653
2018-07-05,0.15266961703413573
2018-07-06,0.16743438772599406
2018-07-09,0.1825870822009219
2018-07-10,0.19553875792142938
2018-07-11,0.1795692362428154
2018-07-12,0.19359032258391906
2018-07-13,0.19566368855284688
2018-07-16,0.1837812830988712
2018-07-17,0.21039933806890931
2018-07-18,0.20416037325539516
2018-07-19,0.199389449099465
2018-07-20,0.19757691084851903
2018-07-23,0.19094824209399763
2018-07-24,0.18325137861250118
2018-07-25,0.2111544983606044
2018-07-26,0.21170178550269614
2018-07-27,0.19021155609902096
2018-07-30,0.15900994222304
2018-07-31,0.17035539474561578
2018-08-01,0.17786529208456292
2018-08-02,0.23588731124701834
2018-08-03,0.2397465301415398
2018-08-06,0.23933839431306092
2018-08-07,0.27986167663584083
2018-08-08,0.27812827192127054
2018-08-09,0.26015601078692163
2018-08-10,0.2565894059531659
2018-08-13,0.2576841708313182
2018-08-14,0.2671237666159527
2018-08-15,0.24924564674732808
2018-08-16,0.2430492737920289
2018-08-17,0.18974043277781183
2018-08-20,0.1965450464298084
2018-08-21,0.21764477566552043
2018-08-22,0.24187527246539764
2018-08-23,0.2508936591812132
2018-08-24,0.26779820288401623
2018-08-27,0.2766989167634186
2018-08-28,0.2690752644576051
2018-08-29,0.2778934573104963
2018-08-30,0.27457964509187827
2018-08-31,0.280593721579236
2018-09-04,0.2722434566451195
2018-09-05,0.2419569306472631
2018-09-06,0.231228817909918
2018-09-07,0.20951100836378145
2018-09-10,0.24278026271135755
2018-09-11,0.23946282175248057
2018-09-12,0.24278752457069808
2018-09-13,0.25272573208335203
2018-09-14,0.2705101704038988
2018-09-17,0.26034816375187675
2018-09-18,0.2481135909617591
2018-09-19,0.25941604244638183
2018-09-20,0.25323547002152824
2018-09-21,0.2500598609386917
2018-09-24,0.2570506571150297
2018-09-25,0.2635219100871893
2018-09-26,0.2670192602704091
2018-09-27,0.26787187597501827
2018-09-28,0.2561776946853267
2018-10-01,0.3279016880712502
2018-10-02,0.31086010338087133
2018-10-03,0.30536510770108216
2018-10-04,0.26824101373422504
2018-10-05,0.22553635045853593
2018-10-08,0.20048594405475528
2018-10-09,0.21844354580571923
2018-10-10,0.15007365619001733
2018-10-11,0.12186136916180046
2018-10-12,0.16552114812954866
2018-10-15,0.1357945575172208
2018-10-16,0.1870769587161094
2018-10-17,0.1752137013075048
2018-10-18,0.15214802681906248
2018-10-19,0.126309591696935
2018-10-22,0.13495339228691794
2018-10-23,0.14120903511398986
2018-10-24,0.06653106497521555
2018-10-25,0.12868654607036878
2018-10-26,0.1140652523588439
2018-10-29,0.07482632090603136
2018-10-30,0.11650209754598717
2018-10-31,0.15223355183596055
2018-11-01,0.173147169427057
2018-11-02,0.1668392481184151
2018-11-05,0.15919867193377524
2018-11-06,0.15801093892927875
2018-11-07,0.1845830063669638
2018-11-08,0.16680774422174283
2018-11-09,0.15815491572071982
2018-11-12,0.09283572626967351
2018-11-13,0.12417898727436572
2018-11-14,0.11760306835660961
2018-11-15,0.14208828310130128
2018-11-16,0.05274913128877201
2018-11-19,-0.01643566017839948
2018-11-20,-0.015633693583387842
2018-11-21,-0.030780041275304093
2018-11-23,-0.0385552127110953
2018-11-26,0.009203038266629493
2018-11-27,0.011712657471559584
2018-11-28,0.04516368797481829
2018-11-29,0.030188901213679342
2018-11-30,0.056647849387471805
2018-12-03,0.08556925856121489
2018-12-04,0.0379325505154795
2018-12-06,0.045500844452288414
2018-12-07,-0.0029941361858537574
2018-12-10,0.022692959787301348
2018-12-11,0.015310314672558833
2018-12-12,0.0188309342874331
2018-12-13,0.026560056396111476
2018-12-14,0.0018338704723008803
2018-12-17,-0.0271260062060944
2018-12-18,-0.020940830882412942
2018-12-19,-0.05035773245498054
2018-12-20,-0.07893668421345157
2018-12-21,-0.10249269990696652
2018-12-24,-0.13778674948885117
2018-12-26,-0.07992700705460154
2018-12-27,-0.09087589706500399
2018-12-28,-0.07336128831020217
2018-12-31,-0.07112756534597464
2019-01-02,-0.07846248429593028
2019-01-03,-0.12185732989784015
2019-01-04,-0.07178088775449742
2019-01-07,-0.037435212604938095
2019-01-08,-0.04571067665292072
2019-01-09,-0.030774747199787678
2019-01-10,-0.020153831625296825
2019-01-11,-0.010023927252359233
2019-01-14,-0.0160436593870924
2019-01-15,-0.002029714450036302
2019-01-16,-0.002835802067804316
2019-01-17,0.008947788401003187
2019-01-18,-0.0010847059532459458
2019-01-22,-0.03317675327076597
2019-01-23,-0.0372642041963307
2019-01-24,-0.010680287450614667
2019-01-25,0.0033925236965288708
2019-01-28,-0.06608493244957092
2019-01-29,-0.09083047851990067
2019-01-30,-0.054700575128775686
2019-01-31,-0.04121529272748237
2019-02-01,-0.03904083783537948
2019-02-04,-0.016461282015937106
2019-02-05,-0.0036204719220941373
2019-02-06,-0.0007218349837508908
2019-02-07,-0.026763607330435923
2019-02-08,-0.024645114256465206
2019-02-11,-0.025809280525276534
2019-02-12,-0.007627056533849652
2019-02-13,-0.0054997554222087075
2019-02-14,-0.003626527170659477
2019-02-15,0.011400968103584042
2019-02-19,0.0075488777838437215
2019-02-20,0.00927344891922166
2019-02-21,-0.0011973658342474547
2019-02-22,0.01595731930202615
2019-02-25,0.019563585348540524
2019-02-26,0.016332497241819732
2019-02-27,0.024267609460846273
2019-02-28,0.02467220771025791
2019-03-01,0.014128665817608965
2019-03-04,0.006900408941214575
2019-03-05,-0.0026193147429522945
2019-03-06,-0.01573636856047267
2019-03-07,-0.02739638685589796
2019-03-08,-0.016803039695118427
2019-03-11,0.026398541279868626
2019-03-12,0.026507541966486414
2019-03-13,0.05115453228829803
2019-03-14,0.0437426837522632
2019-03-15,0.04755304789030035
2019-03-18,0.0445551298721798
2019-03-19,0.061810336661469734
2019-03-20,0.06363497410666441
2019-03-21,0.09828172532082013
2019-03-22,0.06298717229008433
2019-03-25,0.05054428109232867
2019-03-26,0.06643720554669641
2019-03-27,0.06897328920658574
2019-03-28,0.07491679875743795
2019-03-29,0.08527061036710859
2019-04-01,0.1042104224799103
2019-04-02,0.10394639084077584
2019-04-03,0.12692119462459983
2019-04-04,0.1026985870061301
2019-04-05,0.11828326433766856
2019-04-08,0.11919387635037992
2019-04-09,0.10977783657829443
2019-04-10,0.12351292472545583
2019-04-11,0.1150804048448939
2019-04-12,0.11206764622785492
2019-04-15,0.09699421534408037
2019-04-16,0.11236625385069354
2019-04-17,0.11093987472412992
2019-04-18,0.11465201186190788
2019-04-22,0.1116979088077521
2019-04-23,0.12346744958153821
2019-04-24,0.11844288058012653
2019-04-25,0.1070789441730482
2019-04-26,0.07224805770374432
2019-04-29,0.08206105674775754
2019-04-30,0.08555527996319734
2019-05-01,0.07305377043937944
2019-05-02,0.08682652830937365
2019-05-03,0.10479007688865538
2019-05-06,0.09428909102563177
2019-05-07,0.060296678035650864
2019-05-08,0.06031326184796981
2019-05-09,0.04694509178064421
2019-05-10,0.044555512710648726
2019-05-13,-0.007365548817255929
2019-05-14,0.011768133899340505
2019-05-15,0.008880310457525242
2019-05-16,0.013930824840471034
2019-05-17,-0.016529994123623104
2019-05-20,-0.04096920848726049
2019-05-21,-0.029986624566475606
2019-05-22,-0.05015385192664157
2019-05-23,-0.06436326107312762
2019-05-24,-0.07593085367847963
2019-05-28,-0.08358687311829649
2019-05-29,-0.09367889047155775
2019-05-30,-0.09684967770451469
2019-05-31,-0.11565795604584561
2019-06-03,-0.13588168015534574
2019-06-04,-0.08483810267883696
2019-06-05,-0.08038725416003234
2019-06-06,-0.058282967204450586
2019-06-07,-0.04644471845735665
2019-06-10,-0.025878644891562663
2019-06-11,-0.015445478141294045
2019-06-12,-0.03859528914304
2019-06-13,-0.025663091448986264
2019-06-14,-0.03519416401521458
2019-06-17,-0.02252384049101286
2019-06-18,0.006607618331747611
2019-06-19,0.010232637013236179
2019-06-20,0.009041382577359203
2019-06-21,0.004477590380192131
2019-06-24,0.01082740872082777
2019-06-25,-0.00659682255202465
2019-06-26,0.01744109437392427
2019-06-27,0.03329597364472092
2019-06-28,0.036273744944921305
2019-07-01,0.05007546234602578
2019-07-02,0.03814149604082129
2019-07-03,0.052886774799685954
2019-07-05,0.042681043127707596
2019-07-08,0.030389016825221438
2019-07-09,0.029344389464886156
2019-07-10,0.050003245149594866
2019-07-11,0.06935542400738592
2019-07-12,0.08124965726280453
2019-07-15,0.0890111020142037
2019-07-16,0.08298770738844463
2019-07-17,0.09118928926164283
2019-07-18,0.0917703384307953
2019-07-19,0.09161480646939535
2019-07-22,0.10230748964052849
2019-07-23,0.12164758331585923
2019-07-24,0.13851013406627488
2019-07-25,0.08584614586530215
2019-07-26,0.09252049533434237
2019-07-29,0.09982201426289006
2019-07-30,0.10699230286622496
2019-07-31,0.07763719414400017
2019-08-01,0.06254661202542167
2019-08-02,0.04917903020582681
2019-08-05,0.0006695579705011667
2019-08-06,0.013736697424410638
2019-08-07,0.022583156769132362
2019-08-08,0.049232160380417556
2019-08-09,0.030797931241977716
2019-08-12,0.012044012367655954
2019-08-13,0.03899954087722546
2019-08-14,-0.00467781877347484
2019-08-15,-0.013513696964207123
2019-08-16,0.029266630337664745
2019-08-19,0.07503576552362201
2019-08-20,0.06296729582614402
2019-08-21,0.070842012809339
2019-08-22,0.0706801284415235
2019-08-23,0.0221245558116141
2019-08-26,0.03976463648990047
2019-08-27,0.02884069777620213
2019-08-28,0.02899125325462859
2019-08-29,0.058590397785030834
2019-08-30,0.06376341446370137
2019-09-03,0.04905264696817979
2019-09-04,0.0615972889616887
2019-09-05,0.10877088276759017
2019-09-06,0.1010651737532482
2019-09-09,0.10741299036430974
2019-09-10,0.11571285472103354
2019-09-11,0.13216328705668845
2019-09-12,0.13416057851796448
2019-09-13,0.12615280443359356
2019-09-16,0.11637721330761486
2019-09-17,0.12357426563523388
2019-09-18,0.12203821969457285
2019-09-19,0.12286606210409867
2019-09-20,0.10018602143210753
2019-09-23,0.10640162342998094
2019-09-24,0.07629646583948135
2019-09-25,0.10346393068266435
2019-09-26,0.1168460734824357
2019-09-27,0.09600741828439507
2019-09-30,0.10482053695573978
2019-10-01,0.10403752649429232
2019-10-02,0.09341237091081189
2019-10-03,0.1106852894682624
2019-10-04,0.1156671107516638
2019-10-07,0.1268450111397006
2019-10-08,0.10595454955398176
2019-10-09,0.12707688568523712
2019-10-10,0.13617549719696265
2019-10-11,0.1497268725268952
2019-10-14,0.1606656839000704
2019-10-15,0.1944493371461895
2019-10-16,0.18747836267453466
2019-10-17,0.18828347309935634
2019-10-18,0.16668423518473818
2019-10-21,0.1812583323372845
2019-10-22,0.17708752869058064
2019-10-23,0.17717058851541534
2019-10-24,0.2373093393742829
2019-10-25,0.28878823668320974
2019-10-28,0.3045454985766112
2019-10-29,0.27875119580674856
2019-10-30,0.28263970537690253
2019-10-31,0.27394143647330305
2019-11-01,0.27834870673691436
2019-11-04,0.30727138043062596
2019-11-05,0.3042545889528312
2019-11-06,0.3065192888909314
2019-11-07,0.31761077280584615
2019-11-08,0.3221839813979508
2019-11-11,0.3311228424906745
2019-11-12,0.3422243385300794
2019-11-13,0.33662606025008635
2019-11-14,0.3450084774373241
2019-11-15,0.3366671798889056
2019-11-18,0.35985876006710127
2019-11-19,0.3560678489480984
2019-11-20,0.3582003367433346
2019-11-21,0.357157240351879
2019-11-22,0.3401717220881686
2019-11-25,0.37774378100587236
2019-11-26,0.36084254526885573
2019-11-27,0.36812441262830853
2019-11-29,0.35998193995815697
2019-12-02,0.33821949206541335
2019-12-03,0.3338836265398244
2019-12-04,0.33769854484466477
2019-12-05,0.3337155514903074
2019-12-06,0.3540428460039713
2019-12-09,0.3561567905684637
2019-12-10,0.3695229704439109
2019-12-11,0.384506920281924
2019-12-12,0.41460102841053526
2019-12-13,0.41702802154977725
2019-12-16,0.44464900311180866
2019-12-17,0.44927272138471386
2019-12-18,0.4644125163581392
2019-12-19,0.4949052191303156
2019-12-20,0.5123755162056671
2019-12-23,0.5229189663692222
2019-12-24,0.5273575729485476
2019-12-26,0.537919671981709
2019-12-27,0.5315253619140865
2019-12-30,0.5013631904668512
2019-12-31,0.5136112834954429
2020-01-02,0.5459759096350949
2020-01-03,0.5393937477185604
2020-01-06,0.5505619202342233
2020-01-07,0.5686993742986428
2020-01-08,0.5958057431475536
2020-01-09,0.6020689713459768
2020-01-10,0.6013077609528896
2020-01-13,0.6666515920983129
2020-01-14,0.6583482977496151
2020-01-15,0.6423845161330486
2020-01-16,0.6582239104357213
2020-01-17,0.6600721113617267
2020-01-21,0.6817923006158444
2020-01-22,0.7020733044055294
2020-01-23,0.7156581685005834
2020-01-24,0.6979234570328592
2020-01-27,0.6523589836878074
2020-01-28,0.6930738195767892
2020-01-29,0.7037220609540018
2020-01-30,0.7597394011131409
2020-01-31,0.7266602454468796
2020-02-03,0.8319577869007837
2020-02-04,0.9328014102025617
2020-02-05,0.8680971935608162
2020-02-06,0.9002588464426715
2020-02-07,0.8911883002629801
2020-02-10,0.9586409232129325
2020-02-11,0.9636327576175552
2020-02-12,0.9763949264914087
2020-02-13,0.9891548907839682
2020-02-14,1.0555986817951823
2020-02-18,1.1180358764163012
2020-02-19,1.2129165129326296
2020-02-20,1.1732153838146333
2020-02-21,1.1060487479106405
2020-02-24,0.9733714557508906
2020-02-25,0.9072845202231556
2020-02-26,0.9216601976960692
2020-02-27,0.773549899098374
2020-02-28,0.8354507998806653
2020-03-02,0.9422981835884263
2020-03-03,0.8810170376979134
2020-03-04,0.965052960859528
2020-03-05,0.8990199872055982
2020-03-06,0.8468539351209758
2020-03-09,0.6841823410913599
2020-03-10,0.7931383060139368
2020-03-11,0.7151783707410397
2020-03-12,0.5225032733608976
2020-03-13,0.659597083792848
2020-03-16,0.37263476414012353
2020-03-17,0.4629852528809961
2020-03-18,0.34535891348232495
2020-03-19,0.43988182710913293
2020-03-20,0.4001788993576003
2020-03-23,0.42216173139414104
2020-03-24,0.6274144796652874
2020-03-25,0.6376847765219988
2020-03-26,0.6969804340865462
2020-03-27,0.6512960247028776
2020-03-30,0.7158902215013665
2020-03-31,0.7192382327385465
2020-04-01,0.6065933532495829
2020-04-02,0.6331649536340713
2020-04-03,0.6161070285907548
2020-04-06,0.7560747905646288
2020-04-07,0.7453678221118323
2020-04-08,0.7779528420733826
2020-04-09,0.784234285312637
2020-04-13,0.8634954400542623
2020-04-14,0.975839164896148
2020-04-15,0.9724389600971235
2020-04-16,1.044294963367399
2020-04-17,1.0473958835137527
2020-04-20,1.013129804163401
2020-04-21,0.8940847550106181
2020-04-22,0.9962967892284866
2020-04-23,0.9653827998371487
2020-04-24,1.0070683902447626
2020-04-27,1.0762119264043144
2020-04-28,1.0245254119091212
2020-04-29,1.0943105057804345
2020-04-30,1.0702119455714274
2020-05-01,0.9735815452295093
2020-05-04,1.054548455161735
2020-05-05,1.0738296225810622
2020-05-06,1.10223789351247
2020-05-07,1.1272918341068778
2020-05-08,1.180810733116307
2020-05-11,1.2156034128480675
2020-05-12,1.166188228802738
2020-05-13,1.1416877886214345
2020-05-14,1.1837260885093386
2020-05-15,1.247306985016837
2020-05-18,1.2950661499170688
2020-05-19,1.2930069691767705
2020-05-20,1.3275740536318414
2020-05-21,1.3039779291560896
2020-05-22,1.3274490423806893
2020-05-26,1.2850552582245927
2020-05-27,1.2640771909277047
2020-05-28,1.2487015665718824
2020-05-29,1.3212032767094302
2020-06-01,1.3524803105725955
2020-06-02,1.352922957136339
2020-06-03,1.3489374101727312
2020-06-04,1.3280108756577422
2020-06-05,1.3770746514685133
2020-06-08,1.4078297831468518
2020-06-09,1.4388190781676307
2020-06-10,1.5569033034892459
2020-06-11,1.413066913942791
2020-06-12,1.414399819774789
2020-06-15,1.4823620682567942
2020-06-16,1.4835024807522585
2020-06-17,1.5125337685459344
2020-06-18,1.5255835426350601
2020-06-19,1.5244549676868209
2020-06-22,1.5754070618909592
2020-06-23,1.5763699752269353
2020-06-24,1.5091673573674482
2020-06-25,1.5657592634377302
2020-06-26,1.4923212540505242
2020-06-29,1.5366014978262919
2020-06-30,1.634755716444488
2020-07-01,1.6659492579217652
2020-07-02,1.7317290849891922
2020-07-06,1.8651507921470443
2020-07-07,1.868166636292389
2020-07-08,1.921920687037947
2020-07-09,1.9803781974671821
2020-07-10,2.0485267048324336
2020-07-13,1.9418161359374166
2020-07-14,2.0000560773192007
2020-07-15,1.9927472738564864
2020-07-16,1.9417512162016157
2020-07-17,1.9460407708362193
2020-07-20,2.0902865758516582
2020-07-21,2.020289786157686
2020-07-22,2.058816079838068
2020-07-23,1.9405178335590674
2020-07-24,1.9001830006416305
2020-07-27,1.9997008211647764
2020-07-28,1.9354978050194949
2020-07-29,1.9881930607691656
2020-07-30,2.0018192251306015
2020-07-31,1.9843211911139202
2020-08-03,2.1125553611282677
2020-08-04,2.127635568156289
2020-08-05,2.1327281523693853
2020-08-06,2.157620654597256
2020-08-07,2.104346876403539
2020-08-10,2.065045895022393
2020-08-11,1.9808799213810615
2020-08-12,2.172221463794489
2020-08-13,2.2024377957635832
2020-08-14,2.232319830770957
2020-08-17,2.4207693638092294
2020-08-18,2.4397319122065237
2020-08-19,2.414318439791354
2020-08-20,2.4915744754598825
2020-08-21,2.57655994481228
2020-08-24,2.5707090265309724
2020-08-25,2.5918670669554946
2020-08-26,2.6723330149960773
2020-08-27,2.71391706459981
2020-08-28,2.7849056466330526
2020-08-31,2.909820146626954
2020-09-01,2.9383071807637458
2020-09-02,2.9747730801273775
2020-09-03,2.6458992787933964
2020-09-04,2.6041115325924293
2020-09-08,2.274080929435248
2020-09-09,2.5008107854679964
2020-09-10,2.4306461197343108
2020-09-11,2.4076638728649526
2020-09-14,2.6054589248359465
2020-09-15,2.6985642920956003
2020-09-16,2.600419580784086
2020-09-17,2.5470166871694846
2020-09-18,2.533290264574095
2020-09-21,2.6026692910178175
2020-09-22,2.598441660784696
2020-09-23,2.4079967547397403
2020-09-24,2.4658123407379158
2020-09-25,2.598806558401158
2020-09-28,2.657252040496225
2020-09-29,2.665425316225528
2020-09-30,2.7410010422247453
2020-10-01,2.8021294833268007
2020-10-02,2.6316276198747386
2020-10-05,2.7500146055173955
2020-10-06,2.712428264532531
2020-10-07,2.78599354277641
2020-10-08,2.7758917549113393
2020-10-09,2.8121975646171298
2020-10-12,2.920219413310566
2020-10-13,2.9383910040178476
2020-10-14,2.9385898327138134
2020-10-15,2.8914413335635127
2020-10-16,2.8521616663298457
2020-10-19,2.76447171849416
2020-10-20,2.7680529721605156
2020-10-21,2.754900211658322
2020-10-22,2.7407755319015585
2020-10-23,2.766102381525772
2020-10-26,2.67666555371739
2020-10-27,2.735386220333944
2020-10-28,2.5418977486539585
2020-10-29,2.6146067456957804
2020-10-30,2.491755483519543
2020-11-02,2.5229553749687983
2020-11-03,2.6486743492801508
2020-11-04,2.796297556707136
2020-11-05,2.915990713538259
2020-11-06,2.9517596571140126
2020-11-09,2.7891647546058542
2020-11-10,2.6191188993027947
2020-11-11,2.7463501642367505
2020-11-12,2.7341663800867506
2020-11-13,2.7127889398691676
2020-11-16,2.743714292500496
2020-11-17,2.7886843661290364
2020-11-18,2.8636204180180527
2020-11-19,2.896047471526684
2020-11-20,2.8204118252576165
2020-11-23,2.8827432291055444
2020-11-24,2.9376761696674754
2020-11-25,3.0069637207453503
2020-11-27,3.0375873086513705
2020-11-30,3.0224526924971453
2020-12-01,3.062833511046681
2020-12-02,3.053794844855215
2020-12-03,3.0683397732973345
2020-12-04,3.100101853558294
2020-12-07,3.1748965309572643
2020-12-08,3.1617761869978924
2020-12-09,3.0094133117955684
2020-12-10,3.043369757720278
2020-12-11,3.039089194812272
2020-12-14,3.131678885252656
2020-12-15,3.1313766349749033
2020-12-16,3.128828731877759
2020-12-17,3.194965478394602
2020-12-18,3.2375103484127568
2020-12-21,3.2063609725120585
2020-12-22,3.1935531018476437
2020-12-23,3.1467347778654364
2020-12-24,3.1782133251044113
2020-12-28,3.1817626327236193
2020-12-29,3.186235923280943
2020-12-30,3.243625493961587
2020-12-31,3.2496169154287937
2021-01-04,3.2633883864602957
2021-01-05,3.3155225012373917
2021-01-06,3.1929483422826976
2021-01-07,3.4181060761602406
2021-01-08,3.497027935198221
2021-01-11,3.453866361091217
2021-01-12,3.4664743373270417
2021-01-13,3.4893661336607975
2021-01-14,3.40635617195104
2021-01-15,3.328840210825229
2021-01-19,3.400065934240425
2021-01-20,3.5096242957356667
2021-01-21,3.585678551761064
2021-01-22,3.5714659953283254
2021-01-25,3.628774239945102
2021-01-26,3.6151308242607536
2021-01-27,3.5144400334678503
2021-01-28,3.5338687798888007
2021-01-29,3.429400135332549
2021-02-01,3.57279881759019
2021-02-02,3.664191544093674
2021-02-03,3.6576262199182654
2021-02-04,3.668412804500334
2021-02-05,3.660828861259751
2021-02-08,3.8085986369863853
2021-02-09,3.77137612035773
2021-02-10,3.783331829260095
2021-02-11,3.87408195833025
2021-02-12,3.8414273689066745
2021-02-16,3.859519545468303
2021-02-17,3.806495334709486
2021-02-18,3.7772018025102456
2021-02-19,3.766329580826123
2021-02-22,3.548695760799018
2021-02-23,3.487506076943351
2021-02-24,3.6104715347133647
2021-02-25,3.3172846703938896
2021-02-26,3.386697607696745
2021-03-01,3.4988732677746333
2021-03-02,3.369360150310178
2021-03-03,3.194394245415535
2021-03-04,3.0769894149986667
2021-03-05,3.081786733766701
2021-03-08,2.8727919507727613
2021-03-09,3.2253955660970393
2021-03-10,3.2014894439552863
2021-03-11,3.3543977301296755
2021-03-12,3.316945067678316
2021-03-15,3.384746958383351
2021-03-16,3.372191149006322
2021-03-17,3.4129693539032955
2021-03-18,3.211702374339316
2021-03-19,3.2305001041703436
2021-03-22,3.336819174936367
2021-03-23,3.3162085177904315
2021-03-24,3.191130387402316
2021-03-25,3.1740525093771215
2021-03-26,3.2098490369318027
2021-03-29,3.2077800290261624
2021-03-30,3.216459695371255
2021-03-31,3.359545689847126
2021-04-01,3.455898819163517
2021-04-05,3.5659966843286934
2021-04-06,3.541673347283073
2021-04-07,3.5641583100156558
2021-04-08,3.6293871242218234
2021-04-09,3.646430923761322
2021-04-12,3.8041965870230197
2021-04-13,3.983617063638202
2021-04-14,3.8619029731625343
2021-04-15,4.019917676821325
2021-04-16,3.996715033543736
2021-04-19,3.867580758040833
2021-04-20,3.843557168048644
2021-04-21,3.923565958030749
2021-04-22,3.7916714690821447
2021-04-23,3.890893574214404
2021-04-26,3.937970556142191
2021-04-27,3.8742981794716567
2021-04-28,3.8007040543429707
2021-04-29,3.7679324693645437
2021-04-30,3.773660022205524
2021-05-03,3.709071801740653
2021-05-04,3.5960366216645827
2021-05-05,3.600154382156961
2021-05-06,3.616767510136391
2021-05-07,3.6882728800157842
2021-05-10,3.508539643086354
2021-05-11,3.4889953928197537
2021-05-12,3.3237476848421936
2021-05-13,3.302427595252608
2021-05-14,3.4449090114049277
2021-05-17,3.3947912080615152
2021-05-18,3.363575881316809
2021-05-19,3.348553039103898
2021-05-20,3.4863235754918156
2021-05-21,3.5206525228211696
2021-05-24,3.6836364696206276
2021-05-25,3.690555456181241
2021-05-26,3.722356354906104
2021-05-27,3.7010940373807344
2021-05-28,3.7973291628133055
2021-06-01,3.784304484503881
2021-06-02,3.819252405724505
2021-06-03,3.774435038247919
2021-06-04,3.933742375229466
2021-06-07,3.968451366905101
2021-06-08,3.9379061312904486
2021-06-09,3.922804379315009
2021-06-10,3.973863333038568
2021-06-11,4.0296910601434455
2021-06-14,4.082747241233405
2021-06-15,4.008820495462294
2021-06-16,4.016825517394087
2021-06-17,4.169158646528308
2021-06-18,4.17045071204603
2021-06-21,4.159194376377643
2021-06-22,4.241013400961197
2021-06-23,4.325027644983641
2021-06-24,4.396042291498246
2021-06-25,4.348810449644392
2021-06-28,4.524985470711025
2021-06-29,4.532808698679058
2021-06-30,4.525030551366599
2021-07-01,4.552390709164812
2021-07-02,4.627181954109496
2021-07-06,4.617495563988548
2021-07-07,4.562861478597535
2021-07-08,4.505414312084098
2021-07-09,4.53607287614316
2021-07-12,4.646226897644407
2021-07-13,4.6036408770251604
2021-07-14,4.533772480549423
2021-07-15,4.408480887457485
2021-07-16,4.289354849681195
2021-07-19,4.351889258633662
2021-07-20,4.3728901712623465
2021-07-21,4.479278751186203
2021-07-22,4.519613062535883
2021-07-23,4.5247619707891475
2021-07-26,4.515958195153641
2021-07-27,4.464310424154463
2021-07-28,4.504023296597867
2021-07-29,4.586320684469396
2021-07-30,4.574941843276169
2021-08-02,4.64913463144642
2021-08-03,4.672360039207732
2021-08-04,4.730345053354107
2021-08-05,4.802027967416432
2021-08-06,4.737457230136695
2021-08-09,4.749546839859251
2021-08-10,4.684745942789721
2021-08-11,4.653222779084951
2021-08-12,4.72529400257033
2021-08-13,4.771068295360003
2021-08-16,4.693667260675219
2021-08-17,4.5812307420015514
2021-08-18,4.560014588694566
2021-08-19,4.66632595645504
2021-08-20,4.856183754513226
2021-08-23,5.0564876681679705
2021-08-24,5.027997689259527
2021-08-25,5.081755900561979
2021-08-26,5.025666646570879
2021-08-27,5.12189950171883
2021-08-30,5.192405541543965
2021-08-31,5.153651022379394
2021-09-01,5.1575217131569575
2021-09-02,5.145026352216125
2021-09-03,5.203258383517675
2021-09-07,5.2142351293934155
2021-09-08,5.175238535208318
2021-09-09,5.137932619038169
2021-09-10,5.128436166467463
2021-09-13,5.109404650621579
2021-09-14,5.140098227998706
2021-09-15,5.205720072826795
2021-09-16,5.197774816704793
2021-09-17,5.125101558684215
2021-09-20,4.934365295771724
2021-09-21,4.972008690075569
2021-09-22,5.1085746677897514
2021-09-23,5.186699587009043
2021-09-24,5.1749176398872025
2021-09-27,5.119897247089422
2021-09-28,4.903309399730164
2021-09-29,4.8898698721071465
2021-09-30,4.891892412952352
2021-10-01,4.940586071696486
2021-10-04,4.781593897769098
2021-10-05,4.911380072366225
2021-10-06,4.975132859103885
2021-10-07,5.054884547290377
2021-10-08,5.008475172891765
2021-10-11,4.998276096505864
2021-10-12,5.0103605537899805
2021-10-13,5.0758690190291365
2021-10-14,5.236073619837357
2021-10-15,5.304552133680968
2021-10-18,5.418866956271292
2021-10-19,5.424941773458117
2021-10-20,5.398256419420831
2021-10-21,5.545130635226143
2021-10-22,5.565642037107609
2021-10-25,5.809735313680594
2021-10-26,6.0202896315395815
2021-10-27,6.105828588276022
2021-10-28,6.242844833270661
2021-10-29,6.430224653163381
2021-11-01,6.595284938800801
2021-11-02,6.645300712463525
2021-11-03,6.741572448431246
2021-11-04,7.205073889387823
2021-11-05,7.184428737691864
2021-11-08,7.230008522653019
2021-11-09,6.97567676341557
2021-11-10,6.875877930926648
2021-11-11,6.992876916630776
2021-11-12,6.97290695722712
2021-11-15,6.888943991040461
2021-11-16,7.0098834812686
2021-11-17,6.960307804141036
2021-11-18,7.288967197579577
2021-11-19,7.531220494508855
2021-11-22,7.420726784086746
2021-11-23,7.298987247730963
2021-11-24,7.423242002243539
2021-11-26,7.161305548690418
2021-11-29,7.532063118109409
2021-11-30,7.421794776659981
2021-12-01,7.187837201801095
2021-12-02,7.246401785431869
2021-12-03,6.906477362301043
2021-12-06,6.844647695149165
2021-12-07,7.271864483433474
2021-12-08,7.236531918224403
2021-12-09,6.948893800278637
2021-12-10,7.00937782862399
2021-12-13,6.647394724379174
2021-12-14,6.578746254658056
2021-12-15,6.915028210522597
2021-12-16,6.504841899190154
2021-12-17,6.436877554207015
2021-12-20,6.3388252277610135
2021-12-21,6.6275962485157915
2021-12-22,6.842002074309899
2021-12-23,6.986893942262052
2021-12-27,7.251421659590422
2021-12-28,7.15713521865306
2021-12-29,7.119070679197366
2021-12-30,7.021104175583378
2021-12-31,6.954261512529264
2022-01-03,7.282710425613713
2022-01-04,7.054443064721939
2022-01-05,6.6481853742849255
2022-01-06,6.662287654541154
2022-01-07,6.485614498358868
2022-01-10,6.559088210275838
2022-01-11,6.628493818326698
2022-01-12,6.74497877729138
2022-01-13,6.344264113889144
2022-01-14,6.459787239172852
2022-01-18,6.24123094422545
2022-01-19,6.08122811785326
2022-01-20,5.951590012878984
2022-01-21,5.725577208365444
2022-01-24,5.704221932648091
2022-01-25,5.493731458476583
2022-01-26,5.639736590545126
2022-01-27,5.372886973700575
2022-01-28,5.58139258386014
2022-01-31,5.97950559151904
2022-02-01,5.974614184509426
2022-02-02,6.040305526100101
2022-02-03,5.766228564230717
2022-02-04,5.902095725027052
2022-02-07,5.892765060670231
2022-02-08,5.993230953138752
2022-02-09,6.259417806588038
2022-02-10,6.036863516512529
2022-02-11,5.671268932359548
2022-02-14,5.73970446277969
2022-02-15,6.1435454746684375
2022-02-16,6.144591271544124
2022-02-17,5.750047758430349
2022-02-18,5.5868983084969
2022-02-22,5.488806711851235
2022-02-23,5.204347354889919
2022-02-24,5.5415480459895
2022-02-25,5.629216288580984
2022-02-28,5.782785244817756
2022-03-01,5.629942289687811
2022-03-02,5.790557976985612
2022-03-03,5.624171880900621
2022-03-04,5.481299063013508
2022-03-07,5.141954520038545
2022-03-08,5.177015798407656
2022-03-09,5.520678945024062
2022-03-10,5.416376310992948
2022-03-11,5.229015069685236
2022-03-14,5.051379814815642
2022-03-15,5.400937568702499
2022-03-16,5.715560627202115
2022-03-17,5.813627509400857
2022-03-18,6.1236275008115255
2022-03-21,6.178497783197522
2022-03-22,6.3220028291042185
2022-03-23,6.186932929067153
2022-03-24,6.567195785728066
2022-03-25,6.5028596400412795
2022-03-28,6.760330513387661
2022-03-29,6.86496341485598
2022-03-30,6.723066641285751
2022-03-31,6.60217389383206
2022-04-01,6.549121499604491
2022-04-04,6.77366559932423
2022-04-05,6.471729769292696
2022-04-06,6.1159920917355475
2022-04-07,6.121375285128152
2022-04-08,5.893911429351586
2022-04-11,5.569780706719275
2022-04-12,5.509616621288364
2022-04-13,5.699893595451293
2022-04-14,5.456393249138104
2022-04-18,5.562791556367108
2022-04-19,5.690599892115006
2022-04-20,5.52308094122623
2022-04-21,5.354557112858411
2022-04-22,5.2051789700765685
2022-04-25,5.297093670638834
2022-04-26,4.885039296095798
2022-04-27,4.925084077801231
2022-04-28,5.162274833381734
2022-04-29,4.896193886294172
2022-05-02,5.1336390596999575
2022-05-03,5.136725813474066
2022-05-04,5.365708023133935
2022-05-05,4.9428659811387385
2022-05-06,4.890085531975351
2022-05-09,4.45106064923402
2022-05-10,4.597638707904953
2022-05-11,4.291311919585931
2022-05-12,4.181936689619847
2022-05-13,4.510647947381009
2022-05-16,4.374692336910865
2022-05-17,4.602524446669075
2022-05-18,4.259862405979399
2022-05-19,4.2778658194909545
2022-05-20,4.135570208677769
2022-05-23,4.235998808618848
2022-05-24,4.039655308709674
2022-05-25,4.2299871148167485
2022-05-26,4.464499909031768
2022-05-27,4.739200125455234
2022-05-31,4.708490682606342
2022-06-01,4.631796257543197
2022-06-02,4.885076587857436
2022-06-03,4.607872761236964
2022-06-06,4.630177912239793
2022-06-07,4.677481692901514
2022-06-08,4.643137481344026
2022-06-09,4.511102949586441
2022-06-10,4.245669637325921
2022-06-13,3.9034823506835625
2022-06-14,3.9715694069334644
2022-06-15,4.1791004742520705
2022-06-16,3.89999878512932
2022-06-17,3.976176007420647
2022-06-21,4.220761805180225
2022-06-22,4.182405112091068
2022-06-23,4.194582447679852
2022-06-24,4.435119385853149
2022-06-27,4.37688975396566
2022-06-28,4.132643294029354
2022-06-29,4.070781742125296
2022-06-30,3.9720746138881635
2022-07-01,3.9088279483597725
2022-07-05,4.025396400160711
2022-07-06,4.063984717132749
2022-07-07,4.253669778998063
2022-07-08,4.277649916351943
2022-07-11,4.073966639658775
2022-07-12,3.9947726323734525
2022-07-13,4.021054696010939
2022-07-14,4.06803779613885
2022-07-15,4.151649883355542
2022-07-18,4.188022323430499
2022-07-19,4.377492474084411
2022-07-20,4.5225896615647345
2022-07-21,4.699573948317423
2022-07-22,4.567814966265264
2022-07-25,4.49630146090927
2022-07-26,4.333917419245237
2022-07-27,4.704026860065144
2022-07-28,4.810831092626473
2022-07-29,4.945001324153092
2022-08-01,4.969003793822837
2022-08-02,4.975582287015347
2022-08-03,5.113773541160726
2022-08-04,5.174306620383869
2022-08-05,5.041338602075272
2022-08-08,4.8627560299380335
2022-08-09,4.736299766335667
2022-08-10,4.986060620712722
2022-08-11,4.912628771843355
2022-08-12,5.123478813505618
2022-08-15,5.225831912371022
2022-08-16,5.185307720640234
2022-08-17,5.088197123337276
2022-08-18,5.141543015474729
2022-08-19,4.948342339833774
2022-08-22,4.739303370037525
2022-08-23,4.783540165634342
2022-08-24,4.788758534375967
2022-08-25,4.90996946896974
2022-08-26,4.553953584276895
2022-08-29,4.449347093208022
2022-08-30,4.350542394165253
2022-08-31,4.272559094728137
2022-09-01,4.089863564462975
2022-09-02,3.985730885297044
2022-09-06,3.956590609582083
2022-09-07,4.066898201901641
2022-09-08,4.138141119737666
2022-09-09,4.284080974862614
2022-09-12,4.3389622101003065
2022-09-13,3.966984548931432
2022-09-14,4.009821932894519
2022-09-15,3.9376110582014485
2022-09-16,3.9781428108701276
2022-09-19,4.0317020187748
2022-09-20,3.9834627028669924
2022-09-21,3.9453641975132987
2022-09-22,3.792531740831098
2022-09-23,3.714351452999643
2022-09-26,3.665160934636928
2022-09-27,3.7186320721272645
2022-09-28,3.820438812285917
2022-09-29,3.631033659802296
2022-09-30,3.5764307604292203
2022-10-03,3.596910628611078
2022-10-04,3.7854353282868924
2022-10-05,3.7558995474211745
2022-10-06,3.716447224795348
2022-10-07,3.40092579782422
2022-10-10,3.3051858813096535
2022-10-11,3.239878281258312
2022-10-12,3.2306338889127773
2022-10-13,3.377427938593951
2022-10-14,3.1452059274367823
2022-10-17,3.373920815921445
2022-10-18,3.396910497197182
2022-10-19,3.4083250826019835
2022-10-20,3.361984152371381
2022-10-21,3.475850606541826
2022-10-24,3.511470318213205
2022-10-25,3.6942934992544165
2022-10-26,3.536299874035179
2022-10-27,3.5543349433078886
2022-10-28,3.733264024491775
2022-10-31,3.65268630838749
2022-11-01,3.636259133156204
2022-11-02,3.4736468227247483
2022-11-03,3.468009677847367
2022-11-04,3.5859911585276087
2022-11-07,3.5946266124028217
2022-11-08,3.61354188860747
2022-11-09,3.3898973267344905
2022-11-10,3.8645015657386166
2022-11-11,4.002571744749408
2022-11-14,3.9338654009254723
2022-11-15,4.009000874392532
2022-11-16,3.863234494699295
2022-11-17,3.8087741021672574
2022-11-18,3.750783764883817
2022-11-21,3.6660803134239
2022-11-22,3.797099578362099
2022-11-23,3.9649082331049526
2022-11-25,3.927004512512431
2022-11-28,3.8304827658907286
2022-11-29,3.7817051469691254
2022-11-30,4.137343182488368
2022-12-01,4.163946241856377
2022-12-02,4.131300166774543
2022-12-05,3.988989801932064
2022-12-06,3.855239676016355
2022-12-07,3.831994475838311
2022-12-08,3.9896151951089243
2022-12-09,3.9926877868698263
2022-12-12,4.035628868875782
2022-12-13,4.08466668961232
2022-12-14,4.004173661455231
2022-12-15,3.8667299082412336
2022-12-16,3.7374335152245832
2022-12-19,3.667980898334151
2022-12-20,3.5665251017985264
2022-12-21,3.6347110784596266
2022-12-22,3.3539641330769685
2022-12-23,3.3219037180461584
2022-12-27,3.057049279802791
2022-12-28,3.062999512458097
2022-12-29,3.249019196136791
2022-12-30,3.2553053604764814
2023-01-03,3.091496681217304
2023-01-04,3.1431365068094
2023-01-05,3.0159649476618595
2023-01-06,3.131000045485372
2023-01-09,3.2972727204850445
2023-01-10,3.3347746931913775
2023-01-11,3.4238049769284435
2023-01-12,3.506068674481204
2023-01-13,3.5489849303557257
2023-01-17,3.7324440715424165
2023-01-18,3.6431270141043903
2023-01-19,3.532466630678365
2023-01-20,3.7658551854444724
2023-01-23,4.031231917149708
2023-01-24,4.038218132754552
2023-01-25,4.040222920574677
2023-01-26,4.272841951507456
2023-01-27,4.477505279824367
2023-01-30,4.212675723620727
2023-01-31,4.340194811633358
2023-02-01,4.605816611059602
2023-02-02,4.829898698974356
2023-02-03,4.728359525012393
2023-02-06,4.74859230644318
2023-02-07,4.97089279022833
2023-02-08,4.999420323866102
2023-02-09,5.035737604371209
2023-02-10,4.830389902510576
2023-02-13,4.936253710254899
2023-02-14,5.191253837194527
2023-02-15,5.18643200655138
2023-02-16,4.960239067801177
2023-02-17,4.899127111150249
2023-02-21,4.696314787236819
2023-02-22,4.724432440790173
2023-02-23,5.119260083545111
2023-02-24,4.9968504553077295
2023-02-27,5.105454503225995
2023-02-28,5.05303537259346
2023-03-01,4.947529310712319
2023-03-02,4.975445852060906
2023-03-03,5.125176596218052
2023-03-06,5.070348662570552
2023-03-07,4.974848102191353
2023-03-08,5.034080562830618
2023-03-09,4.868772688646146
2023-03-10,4.7921716869265225
2023-03-13,4.838735097927456
2023-03-14,5.082141347467855
2023-03-15,5.1122696897528
2023-03-16,5.3676061524296115
2023-03-17,5.378273960486119
2023-03-20,5.37541386110702
2023-03-21,5.53648673382931
2023-03-22,5.506070362297381
2023-03-23,5.634392398066883
2023-03-24,5.595916647240797
2023-03-27,5.548751135012953
2023-03-28,5.5058867496292905
2023-03-29,5.646744156256687
2023-03-30,5.728593303609775
2023-03-31,5.901643438419515
2023-04-03,5.817796264212845
2023-04-04,5.742707860394099
2023-04-05,5.6004992592260345
2023-04-06,5.6652902737710855
2023-04-10,5.704739669328515
2023-04-11,5.6323267725429105
2023-04-12,5.510421788275734
2023-04-13,5.598510700657646
2023-04-14,5.598932686320662
2023-04-17,5.66161415212612
2023-04-18,5.711149588463878
2023-04-19,5.709925697178581
2023-04-20,5.451035330525807
2023-04-21,5.4686698973915435
2023-04-24,5.410280819442738
2023-04-25,5.262625184783806
2023-04-26,5.414003123380295
2023-04-27,5.569741313657024
2023-04-28,5.682653103330472
2023-05-01,5.7749370433401515
2023-05-02,5.684175812426343
2023-05-03,5.635995077393781
2023-05-04,5.621437334611544
2023-05-05,5.86604694620777
2023-05-08,5.920089849542809
2023-05-09,5.820885923082557
2023-05-10,5.885631984901566
2023-05-11,5.871495887223234
2023-05-12,5.799425817404198
2023-05-15,5.8538392381992015
2023-05-16,5.89859891132193
2023-05-17,6.09256822487187
2023-05-18,6.313241912589883
2023-05-19,6.299883104301966
2023-05-22,6.39178856485527
2023-05-23,6.268643570908828
2023-05-24,6.216812556275824
2023-05-25,7.1134820116826845
2023-05-26,7.349695449627784
2023-05-30,7.531693885192402
2023-05-31,7.317285877805512
2023-06-01,7.578095702194108
2023-06-02,7.619069101103097
2023-06-05,7.640931473105516
2023-06-06,7.605557793963408
2023-06-07,7.435430220970657
2023-06-08,7.6473522358405095
2023-06-09,7.767891076152685
2023-06-12,7.928841362748972
2023-06-13,8.18003921517788
2023-06-14,8.390418806269604
2023-06-15,8.440306334566973
2023-06-16,8.436140020576083
2023-06-20,8.629590982314625
2023-06-21,8.392146137658923
2023-06-22,8.4875965340431
2023-06-23,8.299610926814724
2023-06-26,7.95652470890345
2023-06-27,8.210725746356939
2023-06-28,8.197870084177406
2023-06-29,8.172042212764326
2023-06-30,8.406250049924248
2023-07-03,8.545893928046898
2023-07-05,8.557793934736537
2023-07-06,8.516054370805714
2023-07-07,8.505497023465423
2023-07-10,8.386873540326372
2023-07-11,8.416160992212436
2023-07-12,8.626264892596279
2023-07-13,8.92873318364649
2023-07-14,8.930426961136222
2023-07-17,9.108961148211195
2023-07-18,9.355838146040197
2023-07-19,9.260226840529976
2023-07-20,8.801504998274572
2023-07-21,8.631088127345087
2023-07-24,8.75055161221777
2023-07-25,8.875075172423276
2023-07-26,8.733449055642735
2023-07-27,8.641126498898585
2023-07-28,8.884908098079833
2023-07-31,8.870277955502775
2023-08-01,8.797665116843488
2023-08-02,8.443567620074404
2023-08-03,8.504150112266387
2023-08-04,8.47757653230438
2023-08-07,8.545795136989883
2023-08-08,8.423859769981684
2023-08-09,8.121685783005123
2023-08-10,8.138905645824554
2023-08-11,7.9493319491976635
2023-08-14,8.23917897477732
2023-08-15,8.176203398270308
2023-08-16,8.05856751862702
2023-08-17,7.953993571882952
2023-08-18,7.911324645864466
2023-08-21,8.45218378150384
2023-08-22,8.35776891940884
2023-08-23,8.56893515043813
2023-08-24,8.444116484235286
2023-08-25,8.449864691355632
2023-08-28,8.535538494023958
2023-08-29,8.930287637816145
2023-08-30,8.978040782475793
2023-08-31,8.98778639339929
2023-09-01,8.802002389997286
2023-09-05,8.956285580273885
2023-09-06,8.76643469065278
2023-09-07,8.655408057420104
2023-09-08,8.604216547571296
2023-09-11,8.824168125363512
2023-09-12,8.686741966233011
2023-09-13,8.815338721059474
2023-09-14,8.888887271671694
2023-09-15,8.63459104298378
2023-09-18,8.558812238315168
2023-09-19,8.522195435844635
2023-09-20,8.2913628861869
2023-09-21,8.100891199923236
2023-09-22,8.050156133287924
2023-09-25,8.134087545650873
2023-09-26,8.029379872568798
2023-09-27,8.057367703351963
2023-09-28,8.176476059002479
2023-09-29,8.268256278044957
2023-10-02,8.459423586852155
2023-10-03,8.218525804687538
2023-10-04,8.44611973302583
2023-10-05,8.504218964709757
2023-10-06,8.68454599188703
2023-10-09,8.65402880996797
2023-10-10,8.725908622880985
2023-10-11,8.854583621034154
2023-10-12,8.821418433864613
2023-10-13,8.580322222901298
2023-10-16,8.708878733706385
2023-10-17,8.504762623652432
2023-10-18,8.210654741619189
2023-10-19,8.012254593579547
2023-10-20,7.825903864450979
2023-10-23,8.002086491564755
2023-10-24,8.121499548511087
2023-10-25,7.985444834306914
2023-10-26,7.673873937410933
2023-10-27,7.722117771102242
2023-10-30,7.750715092802054
2023-10-31,7.75635211416623
2023-11-01,8.019880028994884
2023-11-02,8.285020088589544
2023-11-03,8.479835002604142
2023-11-06,8.576205398621184
2023-11-07,8.659229220989928
2023-11-08,8.739837237089885
2023-11-09,8.631419086724085
2023-11-10,8.885177729661313
2023-11-13,8.98333421954882
2023-11-14,9.2530973580903
2023-11-15,9.237241726629396
2023-11-16,9.25834859339391
2023-11-17,9.196562260133053
2023-11-20,9.378202107505624
2023-11-21,9.355289839590265
2023-11-22,9.210484947773486
2023-11-24,9.129288351928226
2023-11-27,9.189826992607536
2023-11-28,9.289670302782364
2023-11-29,9.263948990993937
2023-11-30,9.092660508240318
2023-12-01,9.045571957743034
2023-12-04,8.846896566686448
2023-12-05,9.011288593641266
2023-12-06,8.88307227653519
2023-12-07,9.040793991082506
2023-12-08,9.169003188243233
2023-12-11,9.01824537530312
2023-12-12,9.118231988366954
2023-12-13,9.184463240043604
2023-12-14,9.256830836943461
2023-12-15,9.372201328020353
2023-12-18,9.488020413219804
2023-12-19,9.498616399035187
2023-12-20,9.23588003286722
2023-12-21,9.415702778931244
2023-12-22,9.389623521273153
2023-12-26,9.472140528713359
2023-12-27,9.526321024707807
2023-12-28,9.469805959166854
2023-12-29,9.430326219704007
2024-01-02,9.252322017439106
2024-01-03,9.09568769353771
2024-01-04,9.108417283547258
2024-01-05,9.207011353231653
2024-01-08,9.59548048552221
2024-01-09,9.629984911187023
2024-01-10,9.789334790689669
2024-01-11,9.77522817438566
2024-01-12,9.706153942349061
2024-01-16,9.879445288766323
2024-01-17,9.793110627200482
2024-01-18,9.883801742024984
2024-01-19,10.135807218424622
2024-01-22,10.091933154648876
2024-01-23,10.135689833331348
2024-01-24,10.2754264196842
2024-01-25,9.998479087439328
2024-01-26,9.950710380869905
2024-01-29,10.220784761990071
2024-01-30,10.242866779380234
2024-01-31,9.988900558678553
2024-02-01,10.185353691787284
2024-02-02,10.485874483672047
2024-02-05,10.593180117145078
2024-02-06,10.569009882151489
2024-02-07,10.82297912176081
2024-02-08,10.816536768029657
2024-02-09,11.12241263134521
2024-02-12,11.004758643126056
2024-02-13,10.855254741107599
2024-02-14,11.091339559924323
2024-02-15,11.147484875274062
2024-02-16,11.113220649239365
2024-02-20,10.774749382433399
2024-02-21,10.631936413475037
2024-02-22,11.618426964889608
2024-02-23,11.544302142317678
2024-02-26,11.649915239432945
2024-02-27,11.627163756174147
2024-02-28,11.586653745552725
2024-02-29,11.745326799177828
2024-03-01,12.004263908719198
2024-03-04,11.990626221460237
2024-03-05,11.802107607971628
2024-03-06,11.911601332015639
2024-03-07,12.277651200926858
2024-03-08,11.859491939006128
2024-03-11,11.769697634732305
2024-03-12,12.283332608963402
2024-03-13,12.072272448764169
2024-03-14,11.85291403155949
2024-03-15,11.785019923656268
2024-03-18,12.020873016849634
2024-03-19,12.081435619230543
2024-03-20,12.261248658583295
2024-03-21,12.314109872835628
2024-03-22,12.462135730260519
2024-03-25,12.484234960932783
2024-03-26,12.405634816395102
2024-03-27,12.293163886972215
2024-03-28,12.222349077240079
2024-04-01,12.247840749476852
2024-04-02,12.005830200491413
2024-04-03,11.996956630191589
2024-04-04,11.818341740527497
2024-04-05,11.92403183552609
2024-04-08,12.003140484605629
2024-04-09,11.967534290702998
2024-04-10,11.967022379704929
2024-04-11,12.308970937569232
2024-04-12,12.029204836055195
2024-04-15,11.632962175504439
2024-04-16,11.653348906549867
2024-04-17,11.373771103770038
2024-04-18,11.244856766714195
2024-04-19,10.58541924578931
2024-04-22,10.739723607870287
2024-04-23,11.044056174037689
2024-04-24,11.214490404705215
2024-04-25,11.471611587715874
2024-04-26,11.856905331768276
2024-04-29,12.280669360762294
2024-04-30,11.884903291919946
2024-05-01,11.6586366678445
2024-05-02,11.882591911279468
2024-05-03,12.200621728312203
2024-05-06,12.552779449499337
2024-05-07,12.287770463512228
2024-05-08,12.23674778797946
2024-05-09,12.096748630368117
2024-05-10,12.132574903552054
2024-05-13,12.222296984189208
2024-05-14,12.415292764538572
2024-05-15,12.64374904879787
2024-05-16,12.621314275206958
2024-05-17,12.537980739478366
2024-05-20,12.697219265497019
2024-05-21,12.985830057091555
2024-05-22,12.857036493432114
2024-05-23,13.291404540549694
2024-05-24,13.59818338168012
2024-05-28,14.015168638358956
2024-05-29,14.047624319717883
2024-05-30,13.689936823255861
2024-05-31,13.629948126997135
2024-06-03,13.905483256026313
2024-06-04,13.988156193015438
2024-06-05,14.431028665517886
2024-06-06,14.41292079647595
2024-06-07,14.39245947056051
2024-06-10,14.41040963608548
2024-06-11,14.362655613055466
2024-06-12,14.843851659973904
2024-06-13,15.211342055968807
2024-06-14,15.257412491640196
2024-06-17,15.475317266918577
2024-06-18,15.660435434719282
2024-06-20,15.31209108952315
2024-06-21,15.146585156903676
2024-06-24,14.625867533080019
2024-06-25,15.235123208432082
2024-06-26,15.452041905039636
2024-06-27,15.338526470664487
2024-06-28,15.252931582015329
2024-07-01,15.63997031060622
2024-07-02,15.966398242427644
2024-07-03,16.59408755192217
2024-07-05,16.609636447286615
2024-07-08,16.769756391236704
2024-07-09,17.04693965088789
2024-07-10,17.36556809559068
2024-07-11,16.39905365293144
2024-07-12,16.623457322780656
2024-07-15,16.655264179280355
2024-07-16,16.537544243908435
2024-07-17,15.806235291818961
2024-07-18,15.977672636352136
2024-07-19,15.580260675231667
2024-07-22,16.20255083739939
2024-07-23,16.084427512466327
2024-07-24,14.876914831455005
2024-07-25,14.70738007081027
2024-07-26,14.82753479293043
2024-07-29,14.956422153498963
2024-07-30,14.252706469663753
2024-07-31,15.243186200329568
2024-08-01,14.486030350184274
2024-08-02,14.113841505762736
2024-08-05,13.37122642760638
2024-08-06,13.69448993276161
2024-08-07,13.191226966251284
2024-08-08,13.756182612410456
2024-08-09,13.801497534587192
2024-08-12,14.042208416551203
2024-08-13,14.754381070767854
2024-08-14,14.793343973300672
2024-08-15,15.374811400956613
2024-08-16,15.485273815123534
2024-08-19,15.963776714334585
2024-08-20,15.81250528020298
2024-08-21,15.91779399466903
2024-08-22,15.306586618143065
2024-08-23,15.83371260096036
2024-08-26,15.495945062266724
2024-08-27,15.538010692476952
2024-08-28,15.276724476189845
2024-08-29,14.84799747657793
2024-08-30,15.14226245907572
2024-09-03,14.28768637351074
2024-09-04,14.31341873508357
2024-09-05,14.5488395028663
2024-09-06,13.877550907744961
2024-09-09,14.252257920034708
2024-09-10,14.61559554716472
2024-09-11,15.327222306185433
2024-09-12,15.5432324281389
2024-09-13,15.590349498899933
2024-09-16,15.387718609217767
2024-09-17,15.374268258002761
2024-09-18,15.17502381822132
2024-09-19,15.83959804000758
2024-09-20,15.587310174440233
2024-09-23,15.772304237500705
2024-09-24,16.09093354970643
2024-09-25,16.337527721490595
2024-09-26,16.318911127476063
2024-09-27,16.21083533934346
2024-09-30,16.26405660556246
2024-10-01,15.799718032319994
2024-10-02,15.741949872156216
2024-10-03,15.858956561312844
2024-10-04,16.136331376699076
2024-10-07,16.077618041682634
2024-10-08,16.52072312992469
2024-10-09,16.487726393997296
2024-10-10,16.557619531784205
2024-10-11,16.20361809715516
2024-10-14,16.456698216406483
2024-10-15,16.090537595643106
2024-10-16,16.330998148966
2024-10-17,16.400997770019853
2024-10-18,16.480096607217764
2024-10-21,16.78352226464647
2024-10-22,16.871189219212248
2024-10-23,16.519710060715823
2024-10-24,17.46120029002502
2024-10-25,17.717579303427314
2024-10-28,17.530072863808456
2024-10-29,17.59512494596897
2024-10-30,17.452084173774484
2024-10-31,16.587974344564458
2024-11-01,16.78182925745036
2024-11-04,16.692903441725374
2024-11-05,17.106795587608925
2024-11-06,18.17647982261894
2024-11-07,18.578670196535693
2024-11-08,18.835936162503604
2024-11-11,19.036964508849895
2024-11-12,19.013156824978463
2024-11-13,18.946136286860078
2024-11-14,18.736584650492894
2024-11-15,18.416257397793217
2024-11-18,18.57006849882111
2024-11-19,19.13120999345422
2024-11-20,18.975434385272656
2024-11-21,18.964987284450935
2024-11-22,18.911418115026276
2024-11-25,18.379852333020576
2024-11-26,18.56379452215409
2024-11-27,18.32067714428377
2024-11-29,18.683565154906375
2024-12-02,18.9737472853799
2024-12-03,19.013055719046534
2024-12-04,19.50241681071627
2024-12-05,19.725088446392945
2024-12-06,19.825348726435248
2024-12-09,19.630560401530822
2024-12-10,19.479596317863173
2024-12-11,20.130675930702555
2024-12-12,19.927741374216534
2024-12-13,19.892869410469398
2024-12-16,20.09581007505358
2024-12-17,20.200212224423215
2024-12-18,19.437839065435337
2024-12-19,19.519278390639943
2024-12-20,19.639595386173465
2024-12-23,20.07536247822087
2024-12-24,20.53565463692103
2024-12-26,20.41016667680846
2024-12-27,19.84625324305363
2024-12-30,19.63293627771012
2024-12-31,19.20869003331915
2025-01-02,19.148840129361055
2025-01-03,20.009026384520094
2025-01-06,20.412661353859423
2025-01-07,19.520960635285796
2025-01-08,19.558547512570144
2025-01-10,19.188265992802627
2025-01-13,19.081142997195773
2025-01-14,18.8769793439385
2025-01-15,19.712897562723473
2025-01-16,19.330825802816566
2025-01-17,19.82757032690373
2025-01-21,19.99780301557282
2025-01-22,20.57958611738752
2025-01-23,20.563835090710285
2025-01-24,20.148042782778653
2025-01-27,18.278216700706604
2025-01-28,19.247626043596732
2025-01-29,18.699460020561276
2025-01-30,18.531070002280618
2025-01-31,18.25365483409245
2025-02-03,17.708111708127657
2025-02-04,17.974463774665214
2025-02-05,18.27764082494041
2025-02-06,18.538215601567387
2025-02-07,18.372295511676143
2025-02-10,18.52484479540369
2025-02-11,18.180822429482255
2025-02-12,18.151464317825337
2025-02-13,18.70926787107914
2025-02-14,18.916079291824815
2025-02-18,18.94702378053893
2025-02-19,19.09597504911634
2025-02-20,19.10692820162844
2025-02-21,18.40283700315144
2025-02-24,17.975400460700957
2025-02-25,17.27819728309431
2025-02-26,17.433507142286572
2025-02-27,16.491053284137486
2025-02-28,17.029212357583553
2025-03-03,16.07901903305882
2025-03-04,16.03412761982863
2025-03-05,16.38767168611679
2025-03-06,15.654277145214344
2025-03-07,15.745933064895556
2025-03-10,14.582000916539258
2025-03-11,14.834637512165122
2025-03-12,15.60745893659833
2025-03-13,15.415929416172343
2025-03-14,16.087336634152436
2025-03-17,15.763355391845156
2025-03-18,15.226147742337147
2025-03-19,15.593173705529185
2025-03-20,15.650660319952667
2025-03-21,15.862954223862861
2025-03-24,16.597485259790535
2025-03-25,16.724379918788195
2025-03-26,15.960508214099004
2025-03-27,15.828641963317999
2025-03-28,15.412368765386475
2025-03-31,15.220928692871492
2025-04-01,15.5657659486596
2025-04-02,15.789097471759455
2025-04-03,14.841378315838721
2025-04-04,13.744627193950436
2025-04-07,13.86165227194098
2025-04-08,13.549185554615425
2025-04-09,16.024592304171886
2025-04-10,15.150940742323073
2025-04-11,15.477554926150592
2025-04-14,15.45986198281484
2025-04-15,15.560066450190213
2025-04-16,14.662762264976978
2025-04-17,14.410210076645466
2025-04-21,13.775904273789738
2025-04-22,14.172692454725617
2025-04-23,14.726760998854354
2025-04-24,15.279984624956928
2025-04-25,16.02696662055008
2025-04-28,15.873049888577334
2025-04-29,16.01626628172425
2025-04-30,15.892855623137557
2025-05-01,16.448047071957497
2025-05-02,16.863252716712175
2025-05-05,16.718467062467372
2025-05-06,16.591194629522032
2025-05-07,16.84948317559812
2025-05-08,17.061202072825875
2025-05-09,17.21699068069853
2025-05-12,18.098864329873813
2025-05-13,18.806688512105648
2025-05-14,19.418026833230634
2025-05-15,19.329616238963638
2025-05-16,19.482365306019364
2025-05-19,19.44615300675767
2025-05-20,19.376893322138507
2025-05-21,18.99169115447822
2025-05-22,19.18116782308683
2025-05-23,18.981216548533844
